topik;contentSnippet
ekonomi;Upaya mendorong bertambahnya proyek-proyek baru energi baru dan terbarukan (EBT) diduga berjalan lambat akibat sulitnya mendapat pendanaan.
ekonomi;Presiden Prabowo Subianto masih berkeinginan membentuk Badan Penerimaan Negara. Keinginan tercermin dari terbitnya Perpres Nomor 1 Tahun 2025.
olahraga;Mohamed Salah tampil impresif bersama Liverpool pada musim ini. Ia pun kini ada di atas angin dalam pembicaraan soal perpanjangan kontrak.
olahraga;Elkan Baggott mendapatkan pujian dari media Inggris menjelang pengumuman pemain Timnas Indonesia untuk Kualifikasi Piala Dunia 2026 periode Maret 2025.
teknologi;Adopsi kecerdasan buatan generatif (GenAI) menjalar di berbagai bidang, termasuk otomotif. Apa pentingnya AI buat industri otomotif?
teknologi;Instagram dikabarkan bakal dipecah, dengan Reels yang menjadi salah satu fitur media sosial tersebut bakal menjadi aplikasi terpisah. Apa alasannya?
hiburan;Ahmad Dhani tampak jengah melihat sikap Agnez Mo dalam kemelut royalti yang ia hadapi melawan Ari Bias.
hiburan;Berikut fakta-fakta Legends of the Condor Heroes: The Gallants film wuxia terlaris di China dan dibintangi Xiao Zhan.
gayahidup;Chandra Asri Group merilis riset evaluasi implementasi aspal dari sampah plastik yang dilakukan oleh Pemerintah Kabupaten Garut.
gayahidup;Vokalis Sukatani ditawari posisi sebagai staf ahli DPR RI, apa saja tugasnya?
